INSERT INTO ADMIN.SOURCE_TYPE(ID, NAME) VALUES(1, 'Лента');
INSERT INTO ADMIN.SOURCE_TYPE(ID, NAME) VALUES(2, 'Касета');
INSERT INTO ADMIN.SOURCE_TYPE(ID, NAME) VALUES(3, 'Грамофонна плоча');
INSERT INTO ADMIN.SOURCE_TYPE(ID, NAME) VALUES(4, 'CD');
INSERT INTO ADMIN.SOURCE_TYPE(ID, NAME) VALUES(5, 'Видео');
INSERT INTO ADMIN.SOURCE_TYPE(ID, NAME) VALUES(6, 'Internet');
INSERT INTO ADMIN.SOURCE_TYPE(ID, NAME) VALUES(7, 'DDD');

INSERT INTO ADMIN.SOURCE(ID, TYPE_ID) VALUES(1, 1);
INSERT INTO ADMIN.SOURCE(ID, TYPE_ID) VALUES(2, 2);
INSERT INTO ADMIN.SOURCE(ID, TYPE_ID) VALUES(3, 3);
INSERT INTO ADMIN.SOURCE(ID, TYPE_ID) VALUES(4, 4);
INSERT INTO ADMIN.SOURCE(ID, TYPE_ID) VALUES(5, 5);
INSERT INTO ADMIN.SOURCE(ID, TYPE_ID) VALUES(6, 6);
INSERT INTO ADMIN.SOURCE(ID, TYPE_ID) VALUES(7, 7);

INSERT INTO ADMIN.INSTRUMENT(ID, NAME) VALUES(1, 'Кавал');
INSERT INTO ADMIN.INSTRUMENT(ID, NAME) VALUES(2, 'Гайда');
INSERT INTO ADMIN.INSTRUMENT(ID, NAME) VALUES(3, 'Гъдулка');
INSERT INTO ADMIN.INSTRUMENT(ID, NAME) VALUES(4, 'Тамбура');
INSERT INTO ADMIN.INSTRUMENT(ID, NAME) VALUES(5, 'Тъпан');

INSERT INTO ADMIN.ETHNOGRAPHIC_REGION(ID, NAME) VALUES(1, 'Тракийска');
INSERT INTO ADMIN.ETHNOGRAPHIC_REGION(ID, NAME) VALUES(2, 'Странджанска');
INSERT INTO ADMIN.ETHNOGRAPHIC_REGION(ID, NAME) VALUES(3, 'Родопска');
INSERT INTO ADMIN.ETHNOGRAPHIC_REGION(ID, NAME) VALUES(4, 'Пиринска');
INSERT INTO ADMIN.ETHNOGRAPHIC_REGION(ID, NAME) VALUES(5, 'Шопска');
INSERT INTO ADMIN.ETHNOGRAPHIC_REGION(ID, NAME) VALUES(6, 'Северняшка');
INSERT INTO ADMIN.ETHNOGRAPHIC_REGION(ID, NAME) VALUES(7, 'Добруджанска');
INSERT INTO ADMIN.ETHNOGRAPHIC_REGION(ID, NAME) VALUES(8, 'Вардарска Македония');
INSERT INTO ADMIN.ETHNOGRAPHIC_REGION(ID, NAME) VALUES(9, 'Авторска');

INSERT INTO ADMIN.ARTIST(ID, NAME, INSTRUMENT_ID) VALUES(1, 'Баш майстора', 3);
INSERT INTO ADMIN.ARTIST(ID, NAME, INSTRUMENT_ID) VALUES(2, 'Никола Ганчев', 1);
INSERT INTO ADMIN.ARTIST(ID, NAME, INSTRUMENT_ID) VALUES(3, 'Дафо Трендафилов', 2);
INSERT INTO ADMIN.ARTIST(ID, NAME) VALUES(4, 'Борис Машалов');
INSERT INTO ADMIN.ARTIST(ID, NAME) VALUES(5, 'Филип Кутев');

INSERT INTO ADMIN.ARTIST_MISSIONS(ARTIST_ID, MISSIONS) VALUES(1, 'SINGER');
INSERT INTO ADMIN.ARTIST_MISSIONS(ARTIST_ID, MISSIONS) VALUES(1, 'INSTRUMENT_PLAYER');
INSERT INTO ADMIN.ARTIST_MISSIONS(ARTIST_ID, MISSIONS) VALUES(1, 'COMPOSER');
INSERT INTO ADMIN.ARTIST_MISSIONS(ARTIST_ID, MISSIONS) VALUES(1, 'CONDUCTOR');
INSERT INTO ADMIN.ARTIST_MISSIONS(ARTIST_ID, MISSIONS) VALUES(1, 'ORCHESTRA');
INSERT INTO ADMIN.ARTIST_MISSIONS(ARTIST_ID, MISSIONS) VALUES(1, 'CHOIR');
INSERT INTO ADMIN.ARTIST_MISSIONS(ARTIST_ID, MISSIONS) VALUES(1, 'ENSEMBLE');
INSERT INTO ADMIN.ARTIST_MISSIONS(ARTIST_ID, MISSIONS) VALUES(1, 'CHAMBER_GROUP');

INSERT INTO ADMIN.ARTIST_MISSIONS(ARTIST_ID, MISSIONS) VALUES(2, 'INSTRUMENT_PLAYER');
INSERT INTO ADMIN.ARTIST_MISSIONS(ARTIST_ID, MISSIONS) VALUES(3, 'INSTRUMENT_PLAYER');
INSERT INTO ADMIN.ARTIST_MISSIONS(ARTIST_ID, MISSIONS) VALUES(4, 'SINGER');
INSERT INTO ADMIN.ARTIST_MISSIONS(ARTIST_ID, MISSIONS) VALUES(5, 'COMPOSER');
INSERT INTO ADMIN.ARTIST_MISSIONS(ARTIST_ID, MISSIONS) VALUES(5, 'CONDUCTOR');
